,video_id,comments
0,GWDnCgb_XgY,"['siuuuuu', 'RNlDO', 'â¤â¤â¤', ""Hello Cristiano my name is pooriya I'm a Iranian and I love to see you siuuuuuuu"", 'Only ronaldo real fan can like this comment', 'Sooooooooo', 'Team Cristiano', 'Can you please please make Hindi shorts', 'â¤â¤â¤â¤â¤â¤', 'â¤â¤', 'Just suii things', 'OÊ»zbek lar. BormiğŸ˜…', 'You are the first in everything\U0001f979\U0001f979ğŸ¤', 'Ohhh wow', 'You are the goat', 'nice video', 'Is been 4 weeks and he passed so many youtubers he will beat mr beast i think', 'â¤â¤', 'Cristiano Ronaldo: The definition of hard work and dedication! A true legend! âš½ï¸ğŸ’ª', 'Te amo Cristiano Ronaldo siuuuu']"
1,WAz6enaA9nE,"['Halo Ronaldo saya dari Indonesia saya sudah subscribe semoga Ronaldo sehat selalu', 'you are not goat messi the Goat', 'Siuuuu', ""Why didn't you come to Iraq?"", 'Cristiano you challange it is Me Subrices', 'Amma kÃ¶yÃ¼m ğŸ˜‚ğŸ˜‚ğŸ˜‚ğŸ˜‚ğŸ˜‚ğŸ˜‚haaaaa', 'Ù‡Ø³Ù‡ Ø§Ø¨Ùˆ ÙÙ„Ù‡ Ø±Ø§Ø­ ÙŠÙ‚ÙˆÙ„ Ù„Ø§ ØªØªÙ…Ø§Ø¯Ù‰ Ù†Ø®Ø¨Ø²Ùƒ Ø®Ø¨Ø² Ø§Ù„Ø¹Ø¨Ø§Ø³ Ù„Ø§ ØªØªÙ…Ø§Ø¯Ù‰ğŸ˜‚ğŸ˜‚ğŸ˜‚ğŸ˜‚ğŸ¤£ğŸ˜‚ğŸŒšğŸŒšğŸ˜‚', 'â¤â¤', 'Smith David Moore Frank Young Sharon', ""Guys oh ....... i mean ronaldo why u Open the youtube channel did........u....... Don't want to play football again.....?.ğŸ˜Ÿ"", 'TeamrÄ±fatnuri', 'Ù‡Ù„ ØªØ­Ø¨ ÙÙ„Ø³Ø·ÙŠÙ† ğŸ‡µğŸ‡¸ğŸ¤”', 'I phone ğŸ˜…ğŸ˜… 1,50,000â‚¹ğŸ˜ŠğŸ˜Š', 'We love you Ronaldo. Huge Respect no matter what â¤â¤ğŸ', 'â¤â¤â¤â¤â¤ğŸ’•ğŸ’ğŸ‡µğŸ‡¹\nğŸ‡¨', 'GoatğŸ', 'Please help me sir please from nepal', 'Are you rel ronaldo', ""Mr beast 12 yÄ±lda 316 milyon abone olurken, Cristiano Ronaldo 3 ay'da 62,2 milyon aboneye ulaÅŸtÄ± (CR7)          ;)."", 'ğŸ˜®ğŸ˜®ğŸ˜®RonadoğŸ‰ğŸ‰ğŸ‰ğŸ‰ğŸ‰ğŸ‰ğŸ‰ğŸ˜ŠğŸ˜Š']"
2,UyV8pwPpLJQ,"['Siuuuu', 'ğŸ˜˜ğŸ‡µğŸ‡¹ğŸğŸ‡¸ğŸ‡¾ğŸ‡¸ğŸ‡¾', 'Tháº§n tÆ°á»£ng lá»›n nháº¥t cá»§a tÃ´i', 'Smith Scott Thompson Donna Allen Mary', 'Garcia Nancy Gonzalez Matthew Robinson Sharon', 'â¤â¤â¤', 'Please help me sir from nepal', 'Your still the best ronaldo please donâ€™t leave photball please', 'Cristiano Ronaldo go Real Madrid', 'â€œYes I Am Get Ready.. To Come Backâ€ ğŸ¥¶ğŸ', '#â¤@UR Cristiano', 'Thomas Larry Miller Brian Johnson Donald', 'â¤â¤ CR7 ğŸ‡³ğŸ‡µğŸ‡µğŸ‡¹', 'Peace be upon you, Cristino', 'Ronaldo is life legend of football. .. he always succes in every club .. he score in every club .. best of the best..', 'ğŸğŸğŸ', 'Ronaldo will you play in the 2026 World Cup?', 'ğŸ˜¢Eu sou do Iraque, espero ver vocÃª', 'Yes', ""Uncle Cristiano Ronaldo, I'm from Indonesia, I'm a big fanğŸ‰ğŸ‰ğŸ‰""]"
3,0kaEMM58_AY,"['SIUUUUUUUUUUUUUU 900 goles goals', 'Cr ğŸ˜¢â¤', '\u200f\u202a3:34\u202c\u200f Real Madrid colorğŸ’ğŸ»', 'â¤', '3:15 ğŸ˜‚', 'Ø¹Ù…Ù„Øª Ù…Ù‚Ù„Ø¨ Ø§Ù„Ø·Ù„Ø§Ù‚ ÙÙŠ Ø¬ÙˆØ±Ø¬ÙŠÙ†Ø§ ğŸ˜®', 'Siuuuuuuuu', '#â¤@UR Cristiano', 'You help me sir please from nepal your big fan', 'â¤â¤', 'Hello Sofia Chicago cowboyâ¤â¤', 'Cristiano Ronaldo I want Olivia Newton', 'OlÃ¡ Ronaldo, sou seu fÃ£ da IndonÃ©sia, vocÃª Ã© uma pessoa generosa, como se sente sendo alguÃ©m muito famoso no mundo? VocÃª estÃ¡ grato por poder conseguir tudo?', 'â¤â¤â¤â¤â¤â¤â¤â¤â¤â¤â¤â¤â¤â¤â¤â¤â¤â¤â¤â¤â¤â¤â¤â¤â¤â¤â¤â¤â¤â¤â¤â¤ğŸ˜Šâ¤ğŸ˜ŠğŸ˜Šâ¤ğŸ˜ŠğŸ˜ŠğŸ˜ŠğŸ˜ŠğŸ˜ŠğŸ˜ŠğŸ˜ŠğŸ˜ŠğŸ˜ŠğŸ˜ŠğŸ˜ŠğŸ˜ŠğŸ˜ŠğŸ˜ŠğŸ˜ŠğŸ˜ŠğŸ˜ŠğŸ˜ŠğŸ˜ŠğŸ˜ŠğŸ˜ŠğŸ˜ŠğŸ˜ŠğŸ˜ŠğŸ˜ŠğŸ˜ŠğŸ˜Š \u200f\u202a2:17\u202c\u200f â¤â¤â¤â¤â¤â¤â¤â¤â¤â¤â¤â¤â¤â¤â¤â¤â¤â¤â¤â¤â¤â¤â¤â¤â¤â¤â¤â¤', 'â¤â¤â¤â¤â¤â¤â¤â¤â¤â¤â¤â¤â¤â¤â¤â¤â¤â¤â¤â¤â¤â¤â¤â¤â¤â¤â¤â¤â¤â¤â¤â¤â¤Adam\nØ§Ø¯Ù… Ø§Ø¯Ù…', 'ğŸ˜‚ğŸ˜‚ğŸ˜‚ğŸ˜‚ğŸ˜‚', 'HahahağŸ˜‚â¤â¤â¤ğŸ‰', 'Crazy  family ğŸ‘ª ğŸ¤£ğŸ¤£', 'EstÃ¡ uma bosta este vÃ­deo contrata eu pra fazer os teus edites', 'Vietnam ğŸ‡»ğŸ‡³ welcome you -CR7 - 2025']"
4,erY6UaPXTHE,"['Ø±Ù†Ø§Ù„Ø¯Ùˆ ØªÙˆ Ø¨Ù‡ØªØ±ÛŒÙ† Ø¯Ø± Ø¯Ù†ÛŒØ§ÛŒÛŒ Ù…Ù† ØªØ±ÙØªØ§Ø±ØªÙ… â¤â¤â¤â¤â¤â¤â¤â¤â¤â¤â¤â¤â¤â¤â¤â¤â¤â¤â¤â¤â¤â¤â¤â¤â¤â¤â¤â¤â¤â¤â¤â¤â¤â¤â¤â¤â¤â¤â¤â¤â¤â¤â¤â¤', 'Ronaldo the goat siuuuuu', 'à¦“à¦¹ğŸ˜‚ğŸ˜‚', ""Oh Ronaldo's Apple iPad Pro M4ğŸ—¿ğŸ—¿â˜ ï¸â˜ ï¸"", 'Ronaldo big fan aapko video mein sab mein like subscribe karta Hun Tum mujhse bolo na', 'Every time Ronaldo steps on the pitch, magic happens! Canâ€™t get enough! âœ¨ğŸ”¥', 'Who is this girl ğŸ˜‚', 'HahahahahağŸ˜‚ğŸ˜‚ siuuuuuuuu ronaldo', 'ğŸ˜‚ğŸ˜‚ğŸ˜‚ğŸ˜‚', 'ØªÙƒÙ„Ù… Ø¹Ø±Ø¨ÙŠ', 'â¤â¤â¤', 'I love you Ronaldo, come to Iraq â¤', 'Bro looks like Gogeta', 'Songs name', 'hossainğŸ‡µğŸ‡¹ğŸ‡µğŸ‡¹ğŸ‡µğŸ‡¹ğŸ‡µğŸ‡¹ğŸ‡µğŸ‡¹ğŸ‡µğŸ‡¹ğŸ‡µğŸ‡¹ğŸ‡µğŸ‡¹ğŸ‡µğŸ‡¹ğŸ‡µğŸ‡¹ğŸ‡µğŸ‡¹ğŸ˜šğŸ˜šğŸ˜šğŸ˜šğŸ˜šğŸ˜šğŸ˜š cr7', 'Ú©Ø±ÛŒØ³ Ú© ØµØ®Ù„ Ø´Ø¯Ù‡ğŸ˜‚ğŸ˜‚ğŸ˜‚', 'Onely RonaldoğŸ‡®ğŸ‡³ğŸ‡µğŸ‡¹â™¥ï¸ğŸ‡µğŸ‡¹ğŸ¥€ğŸ‘‘ğŸ¥°ğŸ¥°ğŸ¥°ğŸ‘‘ğŸ¥€ğŸ¥€ğŸ‡®ğŸ‡³ğŸ‡®ğŸ‡³âš½âš½âš½âš½', 'I love you ğŸ¥€ğŸ¥€ğŸ‡µğŸ‡¹ğŸ‡®ğŸ‡³â™¥ï¸ Ronaldo', 'RONALDO FANS ğŸ‘‡ SIUUUUUâ¤ï¸\u200dğŸ”¥â¤ï¸\u200dğŸ”¥â¤ï¸\u200dğŸ”¥â¤ï¸\u200dğŸ”¥', 'TÃ¼rkiyeâ¤â¤â¤â¤â¤â¤ğŸ‡¹ğŸ‡·ğŸ‡¹ğŸ‡·ğŸ‡¹ğŸ‡·ğŸ‡¹ğŸ‡·ğŸ‡¹ğŸ‡·ğŸ‡¹ğŸ‡·ğŸ‡¹ğŸ‡·ğŸ‡¹ğŸ‡·ğŸ‡¹ğŸ‡·ğŸ‡¹ğŸ‡·ğŸ‡¹ğŸ‡·ğŸ‡¹ğŸ‡·â¤ï¸â¤ï¸â¤ï¸â¤ï¸â¤ï¸â¤ï¸ğŸ‘‘ğŸ‘‘ğŸ‘‘ğŸ‘‘ğŸ‘‘ğŸ‘‘ğŸ‘‘ğŸ‘‘ğŸ‘‘ğŸ’ªğŸ’ªğŸ’ªğŸ’ªğŸ’ªğŸ—¿ğŸ—¿ğŸ—¿ğŸ—¿ğŸ—¿ğŸ—¿â˜ ï¸â˜ ï¸â˜ ï¸â˜ ï¸ğŸ’€ğŸ’€ğŸ’€ğŸ’€ğŸ¤˜ğŸ¤˜ğŸ¤˜ğŸ¤˜ğŸ¤˜ğŸ¤˜â¤ï¸ğŸ¤â¤ï¸ğŸ¤â¤ï¸ğŸ¤â¤ï¸ğŸ¤â¤ï¸ğŸ¤ğŸ¤â¤ï¸ğŸ¤â¤ï¸ğŸ¤â¤ï¸ğŸ¤â¤ï¸ğŸ¤â¤ï¸ğŸ¤â¤ï¸']"
5,PX8ykesLfSE,"['â¤', 'foot challenge with messi will break youtube record', '1:41', 'Harris Kenneth Brown Dorothy Lewis Betty', 'Lewis Timothy Hernandez Eric Hall Joseph', 'ğŸ˜‚â¤ğŸ', 'Taylor Anna Rodriguez Laura Young Kenneth', 'Cr7 â¤â¤â¤', 'Ramossss', 'Ramos ğŸ˜¢ğŸ˜‚', 'Ramona ğŸ˜¢ ğŸ˜‚', 'Ğ Ğ¾Ğ½Ğ°Ğ»Ğ´Ñƒ Ğ Ğ¾Ğ½Ğ°Ğ»Ğ´Ñƒ', 'siuuu', ""I'm to Iran asks to ronaldoâ¤â¤â¤â¤â¤"", 'Lamine yamal', 'From india muslim big fan', 'B', 'Sergio ramos in giggs out', 'ĞŸÑ€Ğ¸Ğ²ĞµÑ‚ Ñ€Ğ¾Ğ½Ğ°Ğ»Ğ´Ğ¾', 'Miller Margaret Anderson Matthew Jones Timothy']"
6,9KXHnqrXZhk,"['CR7 â¤â¤â¤â¤â¤ Ronaldo â¤â¤â¤â¤â¤â¤â¤â¤â¤â¤â¤â¤â¤â¤â¤â¤â¤ğŸ’—ğŸ’—ğŸ’—ğŸ’—â¤â¤â¤â¤ğŸ’“ğŸ’“ğŸ’“ğŸ’“â¤â¤â¤ğŸ’—ğŸ’—ğŸ’“â¤â¤ğŸ’—â¤â¤â¤ğŸ’“ğŸ’“ğŸ’“â¤ğŸ’—ğŸ’“â¤ğŸ’“â¤ğŸ’“â¤ğŸ’—â¤ğŸ’“â¤ğŸ’“ğŸ’“â¤ğŸ’—â¤ğŸ’“â¤ğŸ’“â¤ğŸ’“â¤ğŸ’—ğŸ’“â¤ğŸ’“â¤ğŸ’—â¤ğŸ’“â¤ğŸ’“â¤ğŸ’“â¤ğŸ’—â¤ğŸ’“â¤ğŸ’“â¤ğŸ’—â¤ğŸ’—â¤â¤â¤â¤â¤â¤â¤â¤â¤â¤â¤â¤â¤â¤â¤â¤â¤â¤â¤â¤â¤â¤â¤â¤â¤â¤â¤â¤â¤â¤â¤â¤', 'ğŸ‘ğŸ‘ğŸ‘ğŸ™ŒğŸ»ğŸ™ŒğŸ»ğŸ™ŒğŸ»', 'â¤', '#â¤@ UR Cristiano', 'Siuuuuu', 'Davis Michael Jones Mark Martinez Brian', 'â¤â¤', 'â¤ ğŸ', '1000000000000ğŸ‘', 'Love You KING â™” â™š â™” @cristiano â¤ï¸ğŸ˜ŠğŸ’ªğŸ”¥ğŸ‘‘ğŸ‘‘ğŸ‘‘ğŸ‘‘ğŸ‘‘ğŸ‘‘ğŸ‘‘ğŸ‘‘ğŸ‘‘ğŸ‘‘ğŸ‘‘ğŸ‘‘ğŸ‘‘ğŸ‘‘ğŸ‘‘ğŸ‘‘ğŸ‘‘ğŸ‘‘ğŸ‘‘ğŸ‘‘ğŸ‘‘ğŸ‘‘ğŸ‘‘ğŸ‘‘ğŸ‘‘ğŸ‘‘ğŸ‘‘ğŸ‘‘ğŸ‘‘ğŸ‘‘ğŸ‘‘ğŸ‘‘ğŸ‘‘ğŸ‘‘ğŸ‘‘ğŸ‘‘ğŸ‘‘ğŸ‘‘ğŸ‘‘ğŸ‘‘ğŸ‘‘ğŸ‘‘ğŸ‘‘ğŸ‘‘ğŸ‘‘ğŸ‘‘ğŸ‘‘ğŸ‘‘ğŸ‘‘ğŸ‘‘', 'ì™€ í˜¸ë‚ ë‘ë‹¤!!', 'Siuuuuuu  â¤â¤ğŸ˜Š', 'My goat, his goat, her goat , your goat, everybodyâ€™s GOAT THE GREAT CRISTIANO RONALDO ğŸ¤©ğŸ¤©ğŸğŸğŸğŸğŸğŸ', 'Siuu', 'Siuu', 'Please go back to rilmjridâ¤â¤â¤', ""Bro: I have no aura\nBro's aura:"", 'subscribers from day one love and support the ğŸ \nğŸ‘‡', 'â¤â¤â¤', 'Eres el mejor Cristiano Ronaldo']"
7,IcdCe7afa8c,"['Ø²ÛŒØ¨Ø§â¤ğŸ‡®ğŸ‡·ğŸ‡®ğŸ‡·', 'Congratulations ğŸ‰ğŸ‰ğŸ‰', 'CR7  tou com vocÃª  para bete  a meta dos 1000 Gol', 'Gool SOOOOOO', 'Siuu', 'You are the first in everything\U0001f979\U0001f979ğŸ¤', 'Good job cristiano or messi', 'Ø±ÙˆÙ…Ù„Ø¯ÙˆÙˆÙˆÙˆÙˆÙˆÙˆÙˆÙˆÙˆ', 'CR7 is not just a player; heâ€™s a phenomenon! Inspiring millions worldwide! ğŸŒâ¤ï¸', 'Who can Â§ says Ronaldo is the ğŸ', 'Congratulation goat ğŸ™', 'Congratulations for 1 billion', 'abiiiiiiiiiiiiiiiiiiiiiiiiiiiiiiiiiiiiiiiiiiiiiiiiiiiiiiiiiiiiiiiiiiiiiiiiiiiiii', 'Uzb sillllağŸ‰ğŸ‰ğŸ‰', 'ğŸ˜¢Can Ronaldo come to Iraq? I swear I am oppressed because I want to see you, in fact', ""I'm better than you"", 'ğŸ˜®ğŸ˜®', 'I fan of you', 'cr7ğŸ‡µğŸ‡¹ğŸ‡µğŸ‡¹ğŸ‡µğŸ‡¹ğŸ‡µğŸ‡¹ğŸ‡µğŸ‡¹ğŸ‡µğŸ‡¹ğŸ‡µğŸ‡¹ğŸ‡µğŸ‡¹ğŸ‡µğŸ‡¹ğŸ‡µğŸ‡¹ğŸ‡µğŸ‡¹ğŸ’‹ğŸ’‹ğŸ’‹ğŸ’‹ğŸ’‹ğŸ’‹ğŸ’‹ğŸ’‹ğŸ–ğŸ–ğŸ–ğŸ–ğŸ–ğŸ–ğŸ–‘ğŸ–‘ğŸ–‘ğŸ–‘ğŸ–‘ğŸ–‘ğŸ–‘ğŸ‘ğŸ‘ğŸ‘â¤â¤â¤â¤â¤', ""1000 goals are coming bro don't worry""]"
8,etps-RdsTz0,"['Siuuuuuu', 'She two eye balls andâ€¦.', 'â¤â¤â¤â¤ğŸ‰ğŸ‰ğŸ‰ğŸ‰OlÃ¡ Ronaldo, bem-vindo ao YouTube, sou iraniano', 'Watching Ronaldo play is like witnessing poetry in motion! Absolute genius! ğŸ¶âš½ï¸', 'I am your biggest fanâ¤ğŸ‡µğŸ‡¹ and i subscribed siuuuuu', 'Mano me dÃ¡ um salve eu te amo', 'THE GOAT ğŸ â¤â¤ğŸ‡µğŸ‡¹', 'I love you Ronaldo, come to Iraq â¤ğŸ˜¢', 'Cr7fansâ¤', 'Messi', 'Congratulation on 62Millions  subscriber', 'Tu Ã© muito ruim Cristiano que nÃ£o sabe nem namorar com a Georgina Rodrigues tu Ã© muito ruim muito muito ruim vocÃª nÃ£o sabe nem jogar futebol o Messi Ã© melhor mas tem copa vocÃª nÃ£o tem copa do mundo sua bosta', '×¨×§ ×× ×™ ××• ×©×”×Ÿ× ×××¨ ×˜×œ ××•×¡×¨×™ ×‘×”×ª×—×œ×”', 'QUÃ‰ MIRÃS BOBO sounds like camera wowo', 'SiuuuuuuuuuuuuuuğŸ˜‚ğŸ˜‚ğŸ˜‚ğŸ˜‚ğŸ˜‚', 'â¤â¤â¤â¤â¤â¤â¤â¤â¤â¤â¤â¤â¤â¤â¤', 'Dls gamer cr7 fan', 'ğŸ˜¡ğŸ˜¡ğŸ˜¡ğŸ˜¡', ""I love CR7 so much, he's the best ğŸ˜Š"", 'Nice boss']"
9,e9CkkiPCo30,"['VocÃª Ã© Ã³timo, Ronaldo, somos seus fÃ£s â¤â¤â¤â¤â¤ğŸ‰ğŸ‰ğŸ‰ğŸ‰', 'â¤â¤â¤â¤', 'I canâ€™t believe how he keeps getting better with age! Cristiano, youâ€™re timeless! â³ğŸ‘', 'Come on, come to Iraq ğŸ˜¢', 'Please come to Iraq, why do you go to all countries except Iraq? ğŸ˜¢', 'ĞšÑ‹Ñ€Ğ³Ñ‹Ğ·ÑÑ‚Ğ°Ğ½', 'ğŸ‡µğŸ‡¹ğŸ‡µğŸ‡¹ğŸ‡µğŸ‡¹ğŸ‡µğŸ‡¹ğŸ‡µğŸ‡¹ğŸ‡µğŸ‡¹ğŸ‡µğŸ‡¹ğŸ‡µğŸ‡¹ğŸ˜šğŸ˜šğŸ˜šğŸ˜šğŸ˜šğŸ‘„ğŸ‘„ğŸ‘„ğŸ‘„ğŸ‘„ğŸ‘„ğŸ‘„ğŸ¤•ğŸ–ğŸ–ğŸ–ğŸ–ğŸ–‘ğŸ–‘ğŸ–‘ğŸ–‘', 'â¤ I love you and Ronaldo', 'Messi', 'Hola', 'ğŸ‡µğŸ‡¹ğŸ‡µğŸ‡¹ğŸ‡µğŸ‡¹ğŸ‡µğŸ‡¹ğŸ‡µğŸ‡¹ğŸ‡µğŸ‡¹ğŸ‡µğŸ‡¹ğŸ‡µğŸ‡¹ğŸ‡µğŸ‡¹ğŸ‡µğŸ‡¹ğŸ‡µğŸ‡¹ğŸ‡µğŸ‡¹ğŸ‡µğŸ‡¹ğŸ‡µğŸ‡¹ğŸ‡µğŸ‡¹ğŸ‡µğŸ‡¹ğŸ‡µğŸ‡¹ğŸ‡µğŸ‡¹ğŸ‡µğŸ‡¹ğŸ‡µğŸ‡¹ğŸ‡µğŸ‡¹ğŸ‡µğŸ‡¹ğŸ‡µğŸ‡¹ğŸ‡µğŸ‡¹ğŸ˜…ğŸ‡µğŸ‡¹ğŸ˜…ğŸ‡µğŸ‡¹ğŸ‡µğŸ‡¹ğŸ‡µğŸ‡¹ğŸ‡µğŸ‡¹ğŸ‡µğŸ‡¹ğŸ‡µğŸ‡¹ğŸ‡µğŸ‡¹ğŸ‡µğŸ‡¹ğŸ‡µğŸ‡¹ğŸ‡µğŸ‡¹ğŸ˜…ğŸ‡µğŸ‡¹ğŸ‡µğŸ‡¹ğŸ‡µğŸ‡¹ğŸ‡µğŸ‡¹ğŸ‡µğŸ‡¹ğŸ‡µğŸ‡¹ğŸ‡µğŸ‡¹ğŸ‡µğŸ‡¹ğŸ‡µğŸ‡¹ğŸ‡µğŸ‡¹fdhwusğŸ˜¯ğŸ˜ğŸ¤©ğŸ‡µğŸ‡¹ğŸ˜ŠğŸ˜Š', 'Messiiiiâ¤', 'Mess â¤', 'I love you Ronaldo â¤â¤â¤â¤', 'I love you Ronaldo â¤â¤â¤â¤', 'I love you Ronaldo â¤â¤â¤â¤', 'I love you Ronaldo', 'â¤â¤â¤â¤â¤â¤â¤â¤â¤â¤â¤â¤â¤â¤â¤â¤â¤â¤â¤ğŸ‡µğŸ‡¹ğŸ‡µğŸ‡¹ğŸ‡µğŸ‡¹ğŸ‡µğŸ‡¹ğŸ‡µğŸ‡¹ğŸ‡µğŸ‡¹ğŸ‡µğŸ‡¹ğŸ‡µğŸ‡¹ğŸ‡µğŸ‡¹ğŸ‡µğŸ‡¹ğŸ‡µğŸ‡¹âš½9000', 'Dls gamer cr7 fan', 'ğŸ˜¡ğŸ˜¡ğŸ˜¡']"
10,zuRujkxTv2Y,"[':(', 'â¤', 'Please help me sir from nepal your big fan', 'Waweâ¤â¤â¤â¤', 'Messi Gooot â¤â¤â¤â¤', 'Nice ğŸ‰ğŸ‰ğŸ‰ğŸ˜‚ğŸ˜®ğŸ˜®ğŸ˜¢ğŸ˜¢â¤â¤', 'Clark Barbara Thompson Michelle Williams Elizabeth', 'Love You KING â™” â™š â™” @cristiano â¤ï¸ğŸ˜ŠğŸ’ªğŸ”¥ğŸ‘‘ğŸ‘‘ğŸ‘‘ğŸ‘‘ğŸ‘‘ğŸ‘‘ğŸ‘‘ğŸ‘‘ğŸ‘‘ğŸ‘‘ğŸ‘‘ğŸ‘‘ğŸ‘‘ğŸ‘‘ğŸ‘‘ğŸ‘‘ğŸ‘‘ğŸ‘‘ğŸ‘‘ğŸ‘‘ğŸ‘‘ğŸ‘‘ğŸ‘‘ğŸ‘‘ğŸ‘‘ğŸ‘‘ğŸ‘‘ğŸ‘‘ğŸ‘‘ğŸ‘‘ğŸ‘‘ğŸ‘‘ğŸ‘‘ğŸ‘‘ğŸ‘‘ğŸ‘‘ğŸ‘‘ğŸ‘‘ğŸ‘‘ğŸ‘‘ğŸ‘‘ğŸ‘‘ğŸ‘‘ğŸ‘‘ğŸ‘‘ğŸ‘‘ğŸ‘‘ğŸ‘‘ğŸ‘‘ğŸ‘‘', 'Harris Sarah Martin Laura Taylor Gary', 'Ronaldo is such a happy little boyâ¤â¤â¤ğŸ˜‚', 'I hope one day to have a thousand subscribers on my YouTube channel', 'Davis Timothy Harris Gary Smith David', 'SiuuuuuuuuuğŸ˜‚', 'Hloo cristiano I love you  my name is munsif coming india udubudala', 'Robinson Brian Clark Shirley Jones Nancy', 'I am one of the biggest fan of you', 'WHATT', 'Siuuuuuuuuuu ya me suscribÃ­', 'ğŸ‡µğŸ‡¹', 'Georgina tiene un poquitito de incomodidad no creenğŸ˜‚â¤']"
11,55U2mLxARC4,"['â¤', 'Ronaldo love fenâ¤â¤â¤â¤â¤â¤â¤â¤â¤â¤â¤â¤â¤â¤â¤â¤â¤', 'Cristiano definitely right about not letting the past drag you down. Rather focus on the future.', ""I'm Hoang from Vietnam. I hope you will come to Vietnam once. I will forever be your fanâ¤â¤â¤â¤â¤â¤â¤"", 'Ronaldo please riplies for meğŸ˜¢ğŸ˜¢ğŸ˜¢ğŸ˜¢â¤â¤â¤â¤â¤â¤â¤â¤â¤â¤â¤â¤â¤â¤â¤â¤', 'Lionel is the goat than cr7', 'ğŸ‰', 'â¤â¤â¤â¤', 'History will always be in my view, O kingâ¤â¤', 'Ø±ÙˆÙ†Ø§Ù„Ø¯Ùˆâ¤', 'The goat is Ronaldo in the world ğŸ‰â¤â¤', 'Ask he for his celebrationğŸ˜ŠğŸ‰', 'â¤â¤', 'ayyyy Roblox 2024 who is with meeee', 'I told my little sister that if my channel gets 18,000 subscribers in 8 hours, I will give her $100. This is a challenge between me and my sister.', 'â¤â¤â¤â¤â¤â¤â¤â¤â¤â¤â¤â¤â¤â¤â¤â¤â¤â¤â¤â¤â¤â¤â¤â¤â¤â¤â¤â¤â¤â¤â¤â¤â¤ Ronaldo number', 'OlÃ¡ cristiano', 'Suuuuiii', 'Me the goat â¤â¤â¤', 'Ahah this guy is such a narcissist, everything is about himself']"
12,i0GnOGG5Q-Y,"['Siuuuuu', 'â¤', 'Goat ğŸs a legand', 'CR7ğŸ’ªğŸ¥‡ğŸ', 'siuuuuuuuuuuuuuuuuuuuuuuuuuuuuuuuuuuuuuuuuuuuuuuuuuuuuuuuuuuuuuuuuuuuuuuuuuuuuuuuuuuuuuuuuuuuuuuuuuuuuuuuuuuuuuuuuu  ur  cristiano', 'please   your  speak  Indonesia', 'W Ronaldo', 'Dear CR7 \n\nWhen I was a kid your where my goat ğŸ  you inspired  me to play the game and made me motivated thank you the goat ğŸ', 'Congrats with 900th goall suiiiğŸ‰', ""I'm Hoang from Vietnam. I hope you will come to Vietnam once. I will forever be your fanâ¤â¤â¤"", 'Thatâ€™s why you the goat Cristiano Ronaldo you only need 100 goals to get 1000 goals', 'ğŸ‰', 'â¤â¤â¤â¤', 'Sui', 'Mst.Beast aguardeğŸ˜…', 'You are the bestâ¤â¤â¤', 'SiuuuuuuğŸ‘‡ğŸ‘‡ğŸ‘‡ğŸ‘‡ğŸ”¥', 'PLS MAKE 1100 I LOVE YOUUU', 'Cristiano', 'â¤â¤â¤â¤â¤ğŸ˜…ğŸ˜…']"
13,C850U295CX4,"['â¤', 'â¤ğŸ‰', '3 balls ğŸ‘€', 'What to say about Christiano!!\nGreat Athlete..\nGreat Father..\nGreat person..\nGreat in his mothers eyes..\nOf course he is the pride of his family and all of us!!\nthese are the reasons for me and more to say that CR7 is the GOAT!!!!\nSIUUUUUUUUUUUUUUU!!!!!', 'Robinson Gary Davis Eric Smith Donald', 'ÑˆĞ¾ Ğ½ĞµĞ±ÑƒÑ‚ÑŒ ğŸ˜‚ğŸ˜‚ğŸ˜‚ğŸ˜‚', ""I'm Hoang from Vietnam. I hope you will come to Vietnam once. I will forever be your fanâ¤â¤â¤â¤â¤â¤â¤â¤"", 'ğŸ‰', 'Rodriguez Jennifer Jones Daniel Martinez Melissa', 'Goat', 'CRâ¤â¤â¤â¤â¤â¤â¤', '\u200f\u202a1:10sssssssssss', 'â¤â¤', '70 for waiting', 'CR7 serÃ¡ Cierto que tambiÃ©n tiene tiktok. En tiktok veo que sale y no se si sera el o no sera el. Xq yo lo estoy Siguiendo el tiktok. Pero si no es el entonces lo dejo de seguir?', 'CR7 the best â¤ğŸŒâœ¨', 'Subscribe ğŸ™', 'Jones Daniel Hall Anna Moore Matthew', 'Hello sir mujhe aap ki help ki jarurat hai please help me', 'Miller Paul Miller Larry Walker Matthew']"
14,eh0kXm62W9A,"['â¤', '#â¤@UR Cristiano', 'King euefa...', 'CR7 ğŸ«€ğŸ«€ğŸ«€ğŸ«€ğŸ«€ğŸ«€', 'CR7 ğŸ ğŸ ğŸ ğŸ ğŸ ğŸ ğŸ ğŸ ğŸ ğŸ', 'The goat siuuuuuuuu', 'The greatest player in the champions league ğŸ‰ siuuu', 'am your fan and hope that one day you will watch Vietnam and I will meet you\nâ¤â¤â¤â¤â¤â¤â¤â¤â¤', 'Siiiiiuuubscribe', 'â¤â¤â¤', 'â¤â¤', 'â¤â¤â¤', 'Goat', 'Keep it up ronaldo never give up', 'ÙƒØ±Ø³ØªÙŠØ§Ù†Ùˆ â¤ğŸ¥°', 'Walker Brian Harris Paul Williams Kevin', 'â¤', 'The best', 'One Piece is your uncle', 'GOOOOOAT']"
15,M8KHrlhDNIY,"['Siuuuuuuuuuuuuuuu', 'My favorite footbal player is you 2:07', 'Tremendo Crack, que buena forma de ver la vida, no me amilano, eso nunca va  a pasar, el presente es el mejor regalo!', '\U0001fae4 ğŸ‡®ğŸ‡¶', 'Cr7â¤', ""Who's from india â¤â¤"", 'If this video is included with translations into various languages \u200b\u200bsuch as Indonesian, Arabic, Latin, French, Chinese, Korean and Japanese, maybe the number of viewers will match your subscribers, bro, warm greetings from Bogor, we all love you, Cristiano, the role model!!ğŸ”¥', 'Subscribe', 'â¤', 'â¤ğŸ˜®', 'CR7 queria dublagem BR \U0001f979', 'Ik hou van je Christiano â¤', 'The Goat ğŸ', 'What he went through before, helped a lot in who he is today. We Love you CR7. â™¥ï¸', 'Iraq is better than you, as you say. I have a history in football, because Iraq is a country that taught the entire world to read and write.', 'Fredrick Circles', 'VÃ­deo lindo ğŸ‘ğŸ‘ğŸ‘', 'Ronaldo is thÃ© goat', 'Ø±ÙˆÙ†Ø§Ù„Ø¯Ùˆ Ø¹Ø´Ù‚Ù…ÛŒ Ø¨Ù‡ Ø®Ø¯Ø§\nâ¤â¤â¤â¤â¤â¤', 'ğŸğŸ']"
16,TFtR0HLJluc,"['From humble beginnings to global superstar! Ronaldoâ€™s journey is unreal! ğŸ™Œâœ¨', 'Suiiiiiiiiiiiiiiiiiiiiiiiiiiiiiiiiiiiiiiiiiiiiiiiiiiiiiiiiiiiiiiiiiiiiiiiiiiiiiiiii', 'Ø§Ù† Ø´Ø§Ø¡ Ø§Ù„Ù„Ù‡ â¤â¤', 'Messi', 'â¤â¤â¤â¤â¤â¤â¤â¤â¤â¤â¤â¤â¤â¤â¤â¤â¤â¤â¤â¤â¤â¤â¤â¤', 'I love you Ronaldo', 'Siuuu', 'Ù‡Ùˆ Ø§Ù„Ø§ÙØ¶Ù„ ÙƒØ±ÙŠØ³ØªÙŠØ§Ù†Ùˆ Ø±ÙˆÙ†Ø§Ù„Ø¯Ùˆ Ø§Ù„Ø§ÙØ¶Ù„â¤â¤â¤â¤â¤ğŸ‡µğŸ‡¹', 'ğŸ‰ronaldo mai Ä‘inh', 'ğŸ˜¡ğŸ˜¡ğŸ˜¡ğŸ˜¡', 'Cristiano Ronaldo come on  You can do it broğŸ‘Œ', 'Duck', 'â¤ğŸ˜˜ğŸ˜˜', 'â¤â¤â¤â¤â¤â¤â¤â¤â¤â¤â¤â¤â¤â¤â¤â¤â¤â¤â¤â¤â¤â¤â¤â¤â¤â¤HAMZA', 'ğŸ˜­ğŸ˜­ğŸ˜­ğŸ˜­', 'â¤â¤â¤â¤â¤â¤â¤â¤â¤â¤â¤â¤â¤â¤â¤â¤â¤â¤â¤â¤â¤â¤â¤â¤â¤â¤â¤â¤â¤â¤â¤â¤â¤â¤â¤â¤â¤â¤â¤â¤', 'ğŸ‡²ğŸ‡¨ â¤â¤â¤ LOVE ğŸ’ğŸ’ğŸ’ Ronaldo', 'messi vs Ronaldo ğŸ’€', 'â¤â¤â¤â¤â¤â¤ğŸ˜…ğŸ˜…ğŸ˜…ğŸ˜…ğŸ˜Š', 'ğŸğŸğŸğŸ‡µğŸ‡¹ğŸ‡µğŸ‡¹ğŸ‡µğŸ‡¹ğŸ‡µğŸ‡¹ğŸ‡µğŸ‡¹ğŸ‡µğŸ‡¹ğŸ‡µğŸ‡¹ğŸ‡®ğŸ‡·ğŸ‡®ğŸ‡·ğŸ‡®ğŸ‡·ğŸ‡®ğŸ‡·ğŸ‡®ğŸ‡·']"
17,tizVemSwwmc,"['Ø±ÙˆÙ†Ø§Ù„Ø¯Ùˆ', 'Yo pensÃ© que se habÃ­a vestido de Mayimbu', 'Siuuuuuuuuuuuuuuuuuuuuuuuuuu', '#â¤@ UR Cristiano', 'Ø³ÙŠÙŠÙŠÙŠÙŠÙŠÙŠÙŠÙŠâ¤ğŸ˜', 'Ø¹Ù… Ù…Ø³ÙŠ', 'Rapaz eu acho que nunca vou ser notado mesmo vocÃª nÃ£o tÃ¡ nem todos aqui mas aqui Ã© vai ser bastante difÃ­cil com um milhÃ£o de comentÃ¡rios', 'Hloo cristiano my name is munsif coming india udubudla', ""Hi I am your big fan I am from Nepal ğŸ‡³ğŸ‡µ I don't understand porgucal so can you talk in english and I am new here â¤â¤â¤â¤â¤â¤â¤â¤â¤â¤â¤â¤â¤â¤â¤â¤â¤â¤â¤â¤â¤â¤â¤â¤â¤â¤â¤â¤â¤â¤â¤â¤â¤â¤â¤â¤â¤â¤â¤â¤â¤â¤â¤â¤â¤â¤â¤â¤â¤â¤â¤â¤â¤â¤â¤â¤â¤â¤â¤â¤â¤â¤â¤â¤â¤â¤â¤â¤â¤â¤â¤"", 'Acabado ğŸ˜¢ pa cuando un mundial', 'Suuuu', 'ğŸ‰', 'Suuuuuuuuuuuuuuuuuuuuuu.  :)', 'â¤ from ğŸ‡®ğŸ‡³', 'Ù…ÙŠØ³ÙŠ Ø¹Ù…Ùƒ', 'ğŸ‡§ğŸ‡«ğŸ¥‰ğŸ˜©ğŸ‘‰ğŸ»ğŸ˜ğŸ‡¦ğŸ‡·ğŸ†ğŸ†ğŸ†ğŸ†\nğŸ‘‡ğŸ™ğŸ‡¦ğŸ‡·ğŸ™', 'Suiiiii ğŸâ¤', 'SIUUUUUUUUUUUUUUUUUUUUU', 'ğŸ‡®ğŸ‡¶I love you, I am from Iraq', 'Subscribe karo Bhai']"
18,7JZPEeZFjKw,"['I have been following you for a long time. I hope to meet you in Vietnam one day. I will always be your fanâ¤â¤â¤â¤â¤â¤â¤', 'ğŸ‰', 'â˜ ï¸âš½ï¸', 'â¤â¤â¤', 'SUUUIIIIIIII', 'Is he playing tennis', 'CR7 forever â¤â¤â¤â¤â¤â¤', 'Te quiero conocer cristiano Ronaldo por esto y en PerÃº me llamo Jhems Jara Ignacio comas collique 5to zona el bicho es el mejor   â¤ï¸\u200dğŸ©¹â¤ï¸\u200dğŸ©¹â¤ï¸\u200dğŸ©¹â¤ï¸\u200dğŸ©¹â¤ï¸\u200dğŸ©¹â¤ï¸\u200dğŸ©¹â¤ï¸\u200dğŸ©¹â¤ï¸\u200dğŸ©¹â¤ï¸\u200dğŸ©¹â¤ï¸\u200dğŸ©¹ğŸ˜ŠğŸ˜ŠğŸ˜ŠğŸ˜ŠğŸ˜Š', 'Cristiano Ronaldo es el mejor que Leonel Messi', 'La cabrağŸ”¥', 'â¤RONALDO â¤RONALDO â¤I love you â¤NOMER 1111111111111â¤SUUUUU â¤CR7 â¤I love you â¤', 'comment, maybe someone will subscribeâ¤', 'El mejorâ¤', 'Ù…Ø±Ø­Ø¨Ø§ ÙƒØ±Ø³ØªÙŠØ§Ù†Ùˆ Ø±ÙˆÙ†Ø§Ù„Ø¯Ùˆ Ù„Ùƒ ÙÙŠ Ø§Ù„ÙŠÙˆØªÙŠÙˆØ¨ Ø§Ø±ÙŠØ¯Ùƒ ØªÙ†Ø²Ù„ Ù…Ù‚Ù„Ø¨ ÙÙŠ Ø¬ÙˆØ±Ø¬ÙŠÙ†Ø§', 'Love uuuuuuuuuuuuuuuuuuuuu ğŸ˜ŠğŸ˜ŠğŸ˜ŠğŸ˜Š', 'Enjoy your time ğŸ‰ğŸ‰â¤â¤', 'ğŸ‡µğŸ‡¹ğŸ', 'madrid ğŸ', 'Great bro', 'THE G.O.A.T ğŸâš½ is also good at TENNIS ğŸ¥']"
19,PbgUg_aBHf4,"['i  love you CR7', '100000000pasie.  DadoğŸ‰ğŸ‰ğŸ‰ğŸ‰ğŸ‰ğŸ‰ğŸ‰ğŸ‰ğŸ˜‚â¤â¤â¤â¤â¤â¤â¤ğŸˆğŸ‚ğŸ‰ğŸ‚ğŸ‰ğŸ‚.', 'I am your new writing!', 'Please help me sir from nepal your big fan', 'â¤', 'siuuuuuuğŸ˜¢ğŸ˜¢ğŸ˜¢ğŸ˜¢ğŸ˜¢ğŸ‰ğŸ‰ğŸ‰ğŸ‰ğŸ‰ğŸ˜…ğŸ˜…ğŸ˜…ğŸ˜ŠğŸ˜Š', 'la erownie nerede lan sinir oldum', 'Like if you love Cristiano â¤ğŸ‰', 'Ronaldo I am Irani you are very good \nDo you like Persian vegetable stew?ğŸ˜Š', 'Hello Cristiano fans please. Support me to Mai cr7 ke upar ek rap song gana chahta hu agar app log is comment pe like karenge tomai gaunga agar Cristiano sir mere massage ka reply de denge to Mai ek second bina barbad kiye apna song gaunga kyunki cr7 is goat', 'Tuyá»‡t vá»i quÃ¡ .tÃ´i yÃªu báº¡n .chÃºc báº¡n may máº¯n', 'Davis Donald Thompson Michelle Jackson Thomas', 'Ù…ÙŠØ¬Ùˆ Ùˆ Ø§Ø¨Ùˆ ÙÙ„Ù‡ Ø¹Ù…Ùƒ ÙŠØ§ ÙƒØ±Ø³ØªÙŠØ§Ù†Ùˆ', 'Ronald McDonald', '11 giá» = 1 nÃºt Kim cÆ°Æ¡ng', 'arsam', 'Ø±ÙˆÙ†Ø§Ù„Ø¯Ùˆ Ø®ÛŒÙ„ÛŒ Ø¯ÙˆØ³ØªØª Ø¯Ø§Ø±Ù… Ø§Ú¯Ø± ÛŒÚ©Ø¨Ø§Ø± Ø¯ÛŒÚ¯Ø± Ø§ÙˆÙ…Ø¯ÛŒ Ø§ÛŒØ±Ø§Ù† Ù„Ø·ÙØ§ Ø¨Ø¨ÛŒÙ†Ù…ØªÙˆÙ†ğŸ˜ƒğŸ˜ƒğŸ˜ƒğŸ˜ƒğŸ˜ƒâ¤â¤â¤', 'I hope one day to have a thousand subscribers on my YouTube channel', 'Big fan :)', 'I love you ronaldo â¤â¤â¤â¤â¤â¤â¤â¤â¤â¤â¤â¤â¤â¤plz support football Pakistan']"
20,HQ8gIrd4Gyo,"['I have been following you for a long time. I hope to meet you in Vietnam one day. I will always be your fanâ¤â¤â¤â¤â¤â¤â¤â¤â¤â¤â¤', 'â¤â¤â¤â¤', 'Jones Laura Clark Deborah Walker Sandra', 'â¤Cristiano Ronaldo is the best player in the history of footballâ¤', 'â¤â¤', 'Walker Scott Walker Lisa Martinez Ronald', 'ğŸ˜', '1billion', 'The best in the world', 'MachaağŸ˜‚', 'CR7 forever â¤â¤â¤â¤â¤', 'Cristiano Ronaldo supports PUBG Mobile Professionals channel', 'Cristiano Ronaldo supports PUBG Mobile Professionals channel', 'Hey Ronaldo you are GOATTTTtTT', 'Ronaldo, you are the best player in history', 'Lee Patricia Davis Joseph Young Kimberly', 'SUUUUUUUUUIIIIII', 'Talent without working hard is nothing', 'cr7 when my son heard that you made youtube he almost fait', 'Ronaldo IS the best ronaldo GOATğŸğŸğŸğŸğŸğŸğŸğŸğŸ']"
21,I74FAkaL1Fk,"['Hhh', 'Lee William Robinson William Thomas Melissa', 'Please help me sir from nepal your big fan', 'Cristiano Ronaldo gana siempre siuuuuu', 'Ronaldo sÃ¼Ã¼Ã¼', 'SUOOOOOOâ¤â¤â¤', 'Ronado the goatğŸâ¤â¤â¤â¤', 'My fan you', 'Why you not go in play futball the dubaiğŸ˜¢', 'Robinson Michelle Lee Frank Hall Lisa', 'EL GOAT MESIIIâ¤â¤â¤â¤â¤â¤ğŸ‰ğŸ‰ğŸ‰YOU ğŸ˜¢ğŸ˜¢ğŸ˜¢ğŸ˜¢ğŸ˜¢ğŸ˜¢ğŸ˜¢ğŸ˜¢ğŸ˜¢ğŸ˜¢ğŸ˜¢ğŸ˜¢ğŸ˜¢ğŸ˜¢ğŸ˜¢ğŸ˜¢ğŸ˜¢', 'MESIIIIIIIIIIIIIII 2:56', 'Hloo cristiano I love you  my name is munsif coming from india udubudpala I love youâ¤â¤â¤â¤â¤â¤â¤â¤â¤â¤â¤â¤â¤â¤â¤â¤â¤â¤â¤â¤â¤â¤â¤â¤â¤â¤â¤â¤â¤â¤â¤', 'love you brother my country from Bangladesh', 'MESSI  NOOB', 'SUUUUUUUUU', 'ğŸ˜‚ğŸ˜‚ğŸ˜‚ğŸ˜‚ğŸ˜‚ğŸ˜‚ğŸ˜‚ğŸ˜‚âš½ï¸ğŸ¥‡ğŸ†ğŸ‡§ğŸ‡´', 'Excelente canal', 'Rodriguez Thomas Thompson Kevin Garcia Christopher', 'I have been following you for a long time. I hope to meet you in Vietnam one day. I will always be your fanâ¤â¤â¤â¤â¤â¤']"
22,6huYOWoyY0g,"['Welcome to youtube goatâ¤', 'ğŸ‰ğŸ‰ğŸ‰ğŸ‰', 'Is it just me, or does Ronaldo defy gravity with those headers? Absolute beast! ğŸ¦…âš½ï¸', 'Who one of the goats has a YouTube channel', 'Night Cristiano Ronaldo, come to Iraq ğŸ’”Come on, you and Georgina and your kids. I love you, Ronald ğŸ˜­ğŸ’”', 'ğŸ‡§ğŸ‡©ğŸ‡§ğŸ‡©ğŸ‡§ğŸ‡©ğŸ‡§ğŸ‡©ğŸ‡§ğŸ‡©ğŸ‡§ğŸ‡©ğŸ‡§ğŸ‡©ğŸ‡§ğŸ‡©ğŸ‡§ğŸ‡©', 'Please help myanmarğŸ˜‚ğŸ˜‚ğŸ˜‚ğŸ˜‚', 'Ù†ÙˆÙ†Ùˆ Ø¹Ù„ÙŠÙƒğŸ˜‚ğŸ˜‚', 'Welcome cr7ğŸ˜®', 'a love Cristiano', 'You are really goatğŸ', 'Ø³ÙŠÙŠÙŠÙŠÙŠÙŠÙŠ', 'I love you ur Cristianoâ¤â¤â¤', 'Messi', 'And pleas do a siu in your next game \n\nAnd this ğŸ‘ŒğŸ‘Œ', 'Hello Cristiano Welcome im your bigest Fan', 'hamster combat, Israel, YouTube wants to destroy your image. This is how I feel.', 'Bro i swear most of the person who comments here are famous youtubers!\n\nWe love you ronaldo!!', 'QuÃ©???', 'RONALDO THE REAL GOAT ğŸ”¥ğŸ”¥ğŸ”¥ğŸ”¥']"
23,ZkuaJYurYHw,"['â¤â¤â¤â¤â¤Ronaldo ğŸ‰', 'MS. DHONI KA TSART PICHE HII', 'Ronaldo Fansâ¤', '\u200fi love you ÙƒØ±Ø³ØªÙŠØ§Ù†Ùˆâ¤', 'Hi ronaldo', 'Ronaldo suuuuuuuuuuuuuuuuuuuuuuuuuuuuuuuuuuuuuuuuuuuuuuuuuuuuuuuuuuuuuuuuuuuuuuuuuuuuuuuuuuuuuu', 'SÃ¼Ã¼Ã¼Ã¼', 'Ronaldo ganteng â¤â¤â¤ğŸ˜ŠğŸ‰', 'I am your fan please come in sikkim', 'You are. Cristion', 'Ronaldoâ€™s work ethic is unmatched! He shows us that dreams really do come true! ğŸŒŸğŸ’–', '400 million sorry 5000 billionğŸ‰ğŸ‰ğŸ‰', 'Ronaldo is a tatti number vanğŸ˜‚ğŸ˜‚ğŸ˜‚ğŸ˜‚ğŸ˜‚ğŸ˜‚ isase jyada to mere subscriber hai', 'ğŸ¥‡ğŸ¥ˆğŸ¥‰ğŸ…ğŸ–ï¸ğŸ–ï¸ğŸ–ï¸ğŸ†ğŸ¥…ğŸ’µğŸ’µğŸ’µğŸ‡ºğŸ‡¿ğŸ‡¹ğŸ‡»ğŸ‡¹ğŸ‡©', 'â¤â¤â¤â¤â¤â¤â¤â¤â¤â¤', 'Hello  Ronaldo', 'Hello  Ronaldo', 'SuiiiiiiiiiğŸ˜ğŸ˜', 'Qual Ã© seu nÃºmero do WhatsApp', 'SÃ¼Ã¼Ã¼Ã¼Ã¼Ã¼ğŸ‡¹ğŸ‡·ğŸ‡¹ğŸ‡·ğŸ‡¹ğŸ‡·ğŸ‡¹ğŸ‡·ğŸ‡¹ğŸ‡·ğŸ‡¹ğŸ‡·ğŸ‡¹ğŸ‡·ğŸ‡¹ğŸ‡·ğŸ‡¹ğŸ‡·ğŸ‡¹ğŸ‡·ğŸ‡¹ğŸ‡·ğŸ‡¹ğŸ‡·']"
24,E9WcwprYcSw,"['Ue6gf ergğŸ˜®g ğŸ˜…a 6ğŸ˜…ğŸ˜Š', 'Liker si vous avez traduis ceci', 'Suuuuuuuuuuuuuuuuuuuuuuuuuuuuuuuuuuuuuuuuuuuuuuuuuuuuuuuuuuuuu ğŸ—£ï¸', 'Every goal he scores is like a work of art! Long live the king of football! ğŸ‘‘âš½ï¸', 'Come to Iraq, my wish is to see you in Iraq But what should I do? ğŸ¥º', 'Cristiano Ronaldo me dÃ¡ um salve por favor eu te amo cara meu nome ekauan', 'You very very  Fan suuuuuuu', 'hamster combat, Israel, YouTube wants to destroy your image. This is how I feel.', 'BosS Ã© BosS', 'Ù…Ø§Ø§ÛŒØ±Ø§Ù†ÛŒ Ù‡Ø³ØªÛŒÙ… ÙˆÙ„ÛŒ Ø¹Ø§Ø´Ù‚ Ø±ÙˆÙ†Ø§Ù„Ø¯Ùˆ Ù‡Ø³ØªÛŒâ¤', 'â¤â¤â¤â¤Ø§ Ø­Ø¨Ùƒ ğŸ¤Ÿ', 'Ø±Ø­Ù„ÙƒÙØ¯ â¤â¤â¤â¤â¤Ù†Øª Ø§ â¤â¤â¤â¤â¤â¤â¤', 'â¤â¤â¤â¤â¤â¤â¤â¤â¤â¤â¤â¤â¤â¤â¤â¤â¤â¤â¤â¤', 'â¤â¤â¤â¤â¤â¤â¤â¤â¤â¤â¤â¤â¤â¤â¤â¤â¤â¤â¤â¤â¤â¤â¤â¤â¤â¤HAMZA', 'ğŸ‡ªğŸ‡¬â¤â¤â¤â¤', 'ğŸ‡ªğŸ‡¬', 'ğŸ‡ªğŸ‡¬â¤â¤â¤â¤', 'ğŸ‡²ğŸ‡¨ â¤â¤â¤ LOVE ğŸ’ğŸ’ğŸ’ Ronaldo', 'Ukh', 'Oi Cristiano soy brasileiro']"
25,2aAH-B3hGaQ,"['Udd 6fdrğŸ˜®grwğŸ˜Š ğŸ˜…a ğŸ˜…safe w', 'Cccccccc', 'Ronaldo is the GOAT, no question about it! Canâ€™t wait to see what he does next! ğŸğŸ”¥', 'I hope you come to Iraq ğŸ˜¢', 'Please. help myanmar ğŸ˜¢ğŸ˜¢ğŸ˜¢ğŸ˜¢ğŸ˜¢ğŸ˜¢ğŸ˜¢', 'Naes', 'Bro 9.5m views and 2.2m likes ğŸ’€ğŸ', 'hamster combat, Israel, YouTube wants to destroy your image. This is how I feel.', 'Cristiano Ronaldo de bicicleta minha nossa gouuuuuuu siuuu ğŸ‡µğŸ‡¹', 'YUNUS EMRE BEN DE DEVRANGAZÄ°', 'Cristiano apÃ³yame me da un mÃ¡ndame un saludo me llamo Henry', 'Cristianoo pofavo mim respondeğŸ˜¢ğŸ˜¢ğŸ˜¢ğŸ˜¢ğŸ˜¢', 'I Love youâ¤', 'â¤â¤â¤â¤â¤â¤â¤â¤â¤â¤â¤â¤â¤â¤â¤â¤â¤â¤â¤â¤â¤â¤â¤â¤â¤â¤HAMZA', 'Welcom Ronaldo', 'I LIVE IN SOHAG', 'THE RED SEA IS IN EGYPT I LIVE THERE', 'Ronaldo the manager of earth it self', 'AN NASAR â¤â¤â¤â¤â¤', 'Messi is better']"
26,s0QxGOHjhFI,"['â¤â¤â¤â¤â¤â¤', 'Cr7 is a â¤ï¸', 'I hope to see you Ronaldo ğŸ˜¢', 'please. help myanmar. ğŸ˜¢ğŸ˜¢ğŸ˜¢ğŸ˜¢ğŸ˜¢ğŸ˜¢', 'Dolnaro', 'Wow ronaldo the this world cup', 'hamster combat, Israel, YouTube wants to destroy your image. This is how I feel.', 'ğŸ‘ğŸ‘ğŸ‘ğŸ‘ğŸ‘ğŸ‘ğŸ‘ğŸ‘ğŸ‘ğŸ‘ğŸ‘ğŸ‘ğŸ‘ğŸ‘ğŸ‘ğŸ‘', 'CR7 ğŸ˜‚ğŸ˜‚ğŸ˜‚', 'Suuuuuuii', 'â¤â¤â¤â¤â¤â¤â¤â¤â¤â¤', 'â¤â¤â¤â¤â¤â¤ğŸ˜Š', 'â¤â¤â¤â¤â¤â¤â¤â¤â¤ğŸ˜Š', 'Siuuuubscribe', 'â¤â¤â¤â¤â¤â¤â¤â¤â¤â¤â¤â¤â¤â¤â¤â¤â¤â¤â¤â¤â¤â¤â¤â¤â¤â¤HAMZA', 'SuuiiğŸ¤£ğŸ¤£ğŸ¤£ğŸ¤¦', 'SiuuuuğŸ˜Š', 'ğŸ‘ğŸ‘ğŸ¤«', 'ronaldo pls come to malaysia keningau g pls', 'à¦•à¦¿ à¦¹à¦²à§‹ à¦†à¦®à¦¾à¦¦à§‡à¦° à¦°à§‹à¦¨à¦¾à¦²à¦¦à§‹à¦° à¦¸à¦¾à¦¤à§‡']"
27,Xa53WiSFxMw,"['à¦¬à¦¾à¦‚à¦²à¦¾ à¦­à¦¾à¦·à¦¾à¦¯à¦¼à¦…à¦¨à§à¦¬à¦¾à¦¦ à¦•à¦°à§‹', 'HI GOAT YOUR 10000000000000000000 TIMES BETTER THEN MESSY', 'WELCOME RONOLDOOOO', 'Hi', ""Come on, it's Iraq ğŸ˜¢"", 'Halo aku dari IndonesiağŸ˜Š', 'please. help myanmar ğŸ˜¢ğŸ˜¢ğŸ˜¢ğŸ˜¢ğŸ˜¢ğŸ˜¢', 'ğŸ‰ la fille Cristiano Ronaldo', 'Cr7', 'ğŸ‰ğŸ‰â¤ ronaldo âš½âš½goat', 'Hello Ronaldo, Iâ€™m ukraine', 'ğŸ˜‚â¤â¤â¤â¤', 'Ğ¯ Ñ€ÑƒÑÑĞºĞ¸Ğ¹ Ğ¾Ñ‚Ğ²ĞµÑ‚ÑŒ  ronaldo', 'Welcome to YouTube Ronaldo', 'Oooooo', 'CR-7', 'Lu siapa celine', 'Funniest video ever ğŸ˜‚ğŸ˜‚ğŸ˜‚', 'â¤â¤â¤â¤â¤â¤â¤â¤â¤â¤â¤â¤â¤â¤â¤â¤â¤â¤â¤â¤â¤â¤â¤â¤â¤â¤â¤â¤â¤â¤â¤â¤â¤â¤â¤HAMZA', ""Ronaldo I'm your biggest fan please give your phone number I'm farder than you so please give your phone number I'm a kid\nğŸ˜…â¤""]"
28,-vwNPsvZ0Sc,"['I love your new YouTube channel ğŸ‰ğŸ˜Š', 'Blaise Ronaldo is the rope of Iraq ğŸ˜­Once again, talk seriously', 'I love your new YouTube channel ğŸ‰ğŸ˜Š', 'Please. help myanmar ğŸ˜¢ğŸ˜¢ğŸ˜¢ğŸ˜¢ğŸ˜¢ğŸ˜¢', 'Yes your the goat Ronaldo', 'Ronaldo and messi goat', 'hamster combat, Israel, YouTube wants to destroy your image. This is how I feel.', 'I am your best friend Ronaldoâ¤â¤â¤', 'â¤â¤â¤â¤â¤â¤â¤â¤â¤â¤â¤â¤â¤â¤â¤â¤â¤â¤â¤â¤â¤â¤â¤â¤â¤â¤ğŸ‰ğŸ‰ğŸ‰ğŸ‰ğŸ‰', 'ğŸğŸğŸğŸğŸğŸğŸ', 'ğŸ˜¡ğŸ˜¡ğŸ˜¡ğŸ˜¡', 'Siuuu ğŸâ¤', 'hey welcome ğŸ¤—', 'Ronaldo My name is Ammar', 'Hi GOAT', 'Suuuuuuuuuuuu', 'Hello Ronaldo â¤â¤â¤', 'I am your great fan , sir', 'Vu', 'ğŸ˜ğŸ˜ğŸ˜ğŸ˜ğŸ˜ğŸ˜ğŸ˜â¤ï¸â¤ï¸â¤ï¸â¤ï¸â¤ï¸â¤ï¸â¤ï¸â¤ï¸â¤ï¸â¤ï¸â¤ï¸â¤ï¸â¤ï¸â¤ï¸â¤ï¸â¤ï¸â¤ï¸â¤ï¸â¤ï¸â¤ï¸â¤ï¸â¤ï¸â¤ï¸â¤ï¸â¤ï¸â¤ï¸HAMZA']"
29,35S7zTBFRhQ,"['siuuuuuuuuuuuuuuuuuuuuuuuuuuuuuuuuuuuuuuuuâš½ï¸ğŸ‡µğŸ‡¹ğŸ‰', 'â¤â¤â¤', 'Ø§Ø³Ù„Ù… ÙŠØ§ ÙƒØ±Ø³ØªÙŠØ§Ù†Ùˆ Ø§Ø±Ø¬ÙˆÙƒ', 'Siuuuuuuu!', 'SIUUUUuUUUUuUuuuuuuuuuuuuuuuuuuuuuuuuuuuuuuuuuuuuuuuuuuuuuuuuuuuuuuuuuuuuuuuuuuuuuuuuuuuuuuuuuuuuuuuuuu', 'Ø³Ù„Ø§Ù… Ú©Ø±ÛŒØ³ Ù…Ù† \u200fğŸ‡®ğŸ‡·', 'Rinaldo number call', '6zn hn', 'Siuuuuuuuuuuuuuuu ğŸ˜Œ', 'Stopped growingğŸ˜‚ğŸ˜‚ğŸ˜‚', 'But, sluuuuu', 'I Am messi', 'konmentar', '1M suubsciber ln.1 hourâ¤ğŸ‰', 'Siuuuuuuuuuuuuuuuuuuu', 'I love â¤â¤â¤you christiano suuuuâ¤â¤â¤â¤â¤â¤â¤â¤â¤â¤ğŸ‰', 'HOW ğŸ˜®ğŸ˜®ğŸ˜®ğŸ˜®ğŸ˜®ğŸ˜®ğŸ‰ğŸ‰ğŸ‰ğŸ‰', 'Darius Street', 'ğŸ‡²ğŸ‡¿', 'SIUUUUUUUUUUUUUUUUUU']"
30,GqYpn_s1Hjg,"['â¤', 'à¦­à¦¾à¦‡ à¦à¦¸à¦¬ à¦›à¦¾à¦‡à§œà¦¾ à¦¬à¦‰ à¦¬à§à¦¯à¦¾à¦¬à¦¸à¦¾ à¦•à¦°à§‡à¦¨ à¦…à¦¨à§‡à¦• à¦²à¦¾à¦­à¦¬à¦¾à¦¨ à¦¹à¦¤à§‡ à¦ªà¦¾à¦°à¦¬à§‡à¦¨ğŸ˜‚', 'I have been following you for a long time. I hope to meet you in Vietnam one day. I will always be your fanâ¤â¤â¤â¤â¤â¤â¤â¤â¤â¤', 'ğŸ’–ğŸ', 'No the goat of youtube', 'ğŸ˜‚ğŸ˜‚ğŸ˜‚ğŸ˜‚ğŸ˜‚', 'Ø§Ø®ÙˆÙƒÙ… Ø¬Ø¯ÙŠØ¯ ÙˆÙ…Ø­ØªØ§Ø¬ Ø¯Ø¹Ù…Ø§ÙƒÙ… ÙŠ Ø¬Ù…Ø§Ø¹Ù‡ Ø±Ø¬Ø§Ø¡ Ù…Ù† ÙƒÙ„ ÙˆØ­Ø¯ ÙŠØ¹Ù…Ù„ Ù„ÙŠØ§ Ø§Ø´ØªØ±Ùƒ ÙˆÙŠØ¬Ø¨Ø± Ø¨Ø®Ø§Ø·Ø±ÙŠ', 'Ronaldo â¤', 'curry over LeBron is crazy', 'â¤', 'The goat', 'Welcome to our YouTube world ronaldo â¤âœ…ğŸ‘‡', 'â¤â¤â¤â¤â¤', 'RONALDO WEYBEROR  DAMESSI  MESSI EZPOOP', ""Hi, Mr. GOAT, I'm Your Big Fan.\n\nAnd Sorry To Say You But, I Like Your WIFE ğŸ’– in a Good Manner And Wanna Meet Both of You Once In My Life."", 'Messiâ¤ğŸ‰', 'SÃœÃœÃœÃœÃœ. CR7', 'Ronaldo, you are the best player in historyğŸ˜Šâ¤', 'â¤â¤â¤â¤â¤â¤â¤â¤â¤â¤â¤â¤â¤â¤â¤â¤', 'CR Ronaldo sir 100M subscribe God willing â¤']"
31,hKR57pX7-fY,"['In this earth only Satani give you Crime like you RonaldoğŸ˜­ğŸ˜­ğŸ˜­ğŸ˜­', 'Bestâ¤ğŸ', '\U0001fae1', 'King ğŸ‘‘â¤â¤â¤', 'The goat ğŸ â¤', ""Hi, Mr. GOAT, I'm Your Big Fan.\n\nAnd Sorry To Say You But, I Like Your WIFE ğŸ’– in a Good Manner And Wanna Meet Both of You Once In My Life."", 'C Cristiano R Ronaldo 7 is 7Billion  Love from India (arunachal pardesh)', 'Ronaldo, you are the best player in historyğŸ˜Šâ¤', 'Ø§Ø³Ø·ÙˆØ±Ù‡', 'Ã‰ necessÃ¡rio um video em portuguÃªs querms', ""Don't you think you do have a responsibility to give a WORLDCUP trophy to your children, fans and to your country before you call yourself a fucking GOAT Cristiano? Messi is the GOAT!!!!!!!!!!!!!!!"", 'perfect ğŸ‰', 'Ronaldo', 'My name the goat army fan clubâ¤â¤\nJoin cr7 ğŸ‰ğŸ‰', 'CR7 ğŸâš½ is my inspiration and will always be my inspiration FOREVER ğŸ•Š', 'This is  cristiano Ronaldo who made  him self  a world best football player â¤â¤â¤â¤â¤â¤â¤â¤', 'â¤', 'ğŸ¤®ğŸ¤®ğŸ¤®ğŸ¤®', 'Vamos', 'THE ONLY GOAT â¤ï¸ğŸ']"
32,6BnBh01LOgA,"['ğŸ‰', 'El mejor en todo!!!! ğŸ˜', 'Y love you CrissğŸ˜­ğŸ’–ğŸ’–ğŸ’–', 'Hi', 'mr best is shaking of ronaldo LOL', 'Letâ€™s go Ronaldo', 'Ù…Ù‡Ù…Ø© 100 Ù…Ù„ÙŠÙˆÙ† Ù…Ø¹Ø¬Ø¨ Ù…Ø«Ù„', 'ğŸ˜', 'For the\nhe goat edits Like and Subscribe here ,', 'Queen and king of the world ğŸŒğŸŒğŸŒğŸŒâ¤â¤â¤â¤â¤â¤ğŸ‘‘ğŸ‘‘ğŸ‘‘ğŸ‘‘ğŸ‘‘ğŸ‘‘ğŸ‘‘ğŸ‘‘ğŸ‘‘ğŸ‘‘ğŸ‘‘', 'How many international fans are here to support Cristiano Ronaldo?â¤â¤â¤ğŸ’ƒğŸ’ƒğŸ’ƒğŸ’ƒğŸ§šğŸ§šğŸ§š', ""Hi, Mr. GOAT, I'm Your Big Fan.\n\nAnd Sorry To Say You But, I Like Your WIFE ğŸ’– in a Good Manner And Wanna Meet Both of You Once In My Life."", 'Cr7  suuuuuuuu love from India (arunachal pardesh)', 'Ø£Ø´ØªØ±Ø§Ùƒ ÙÙŠ Ø§Ù„Ù‚Ù†Ø§Ø© Ù…Ù† ÙØ¶Ù„ÙƒÙ… â¤', 'â¤â¤', 'Ø§Ù†Ø§ Ù…Ù† Ù…Ø­Ø¨ÙŠÙ† ÙƒØ±ÙŠØ³ØªÙŠØ§Ù†Ùˆ ÙˆØ§ØªÙ…Ù†Ù‰ Ù„ÙƒÙ… Ø§Ù„Ù…ØªØ§Ø¨Ø¹ØªÙŠ ÙˆØ§Ø´ØªØ±Ø§Ùƒ Ù„ÙƒÙ… Ù„ÙŠ.', 'Ronaldo had one million subscribers in two days, and now he has 4.60 million subscribers. I have been on the channel for eight months and I donâ€™t even have 120 subscribers. Why the cowardice, lack of religion and honesty? Why did they subscribe to the channel? My right ğŸ˜­', 'TE AMO GIOO', 'Ø³ÙˆØ³ Ø³ØªØ±ÙŠÙƒ', 'Please ask Georgina to marry you. I think heâ€™ll like itğŸ˜Šâ¤']"
33,ORc2270vgqs,"['CRISTIANO RONALDO GART', 'ğŸ˜®ğŸ˜…ğŸ˜…ğŸ˜…ğŸ˜…ğŸ˜…ğŸ˜…ğŸ˜…', 'hahhhh', 'Muchas gracias por hacer esto en EspaÃ±ol, sabes que eres muy querido por todos pero decidiste hacer esto por tus fans, gracias, Ã©xitos.', 'I love you ğŸ’•ğŸ˜˜ Cristiano', 'CRISTIANO RONALDO SUUUUUUUIIIIIIII â¤â¤â¤â¤', 'Siiiiuuuuuuuscribete  ""SE ME SUBIO EL MUERTO"" ğŸ¥´ğŸ‘Š', 'Ronaldoâ¤', 'Es cierto que volverÃ¡s a nuestro Real Madrid te amo y hazlo aÃºn que sea por medio temporada quiero un goleador nato como tu ahora que estÃ¡. Mbappe', 'I have been following you for a long time. I hope to meet you in Vietnam one day. I will always be your fanâ¤â¤â¤â¤â¤â¤â¤â¤â¤', 'Me cae bien que ya no me cae bien todo dije Argentina de todo origen mÃ¡s de de maÃ­z y por favor no te hagas eso', 'Hola cristiano quiero conoserte por favorrrr esta muy serca mi cumpleaÃ±os es el 19 de octubre si podrias venir o mandarme algo me arias muy feliz', 'mua muaaa, besos para mi\ncomandante \U0001faf6ğŸ½â¤', 'ğŸ‰', 'I love you', ""I love you who's now no noâ¤â¤â¤â¤â¤â¤â¤â¤â¤"", 'Indonesia, 19/9/2024\n\nFor My Idol \nMr. Cristiano Ronaldo Dos Santos Aveiro \nIn Riyadh Saudi Arabia \n\nBest wishes to Mr. Cristiano Ronaldo and family. May you always be given health and long life. Aamen.\n\nFirst of all I\'m sorry actually I can\'t speak English, but with the help of the Google Translate application the letter I wrote in Indonesian was changed to English. Hopefully you can understand it.\n\nI am one of tens or even hundreds of millions of Indonesians who love and idolize you. Not only because of your achievement in the world of football but also because of your kindness. I often read and watch videos on social media about your love for children and your concern for helping people in need.\n\nIt should be noted that the current population of Indonesia is around 287 million people and 80% are Muslim. This means that the majority of your fans in Indonesia are Muslim.\n\nTherefore, to immortalize your name in Indonesia and the world as the \'Greatest of All Time or Greatest of All Time Player"" I want to establish the \'Goat CR7 Foundation"". I want to build a mosque with the name ""Goat C7 Mosque"" and establish and educational institution under the auspices of the \'Goat CR7 Foundation"" \n\nAnd to realize this wish we need funds of approximately IDR 1 trillion.\n\nI and your fans in Indonesia hope that you will help make my wish come true by donating funds. Of course I will be very happy if you come to Indonesia to carry out the ""laying of the first stone for the construction of the ""CR7 Goat Mosque.""\n\nSo we hope you will grant our request to immortalize your brilliant achievements in the world of football in the form of the ""CR7 Goat Mosque.""\n\nWho Idolizes You\nMuhammad Kirom \n\nWhatsApp Number 6281329149219\nAccount Number \nBSI 7088807469', 'ï·²ï·²ï·²ï·²', 'Ø±ÙˆÙ†Ø§Ù„Ø¯  â¤â¤â¤â¤Ø³Ùˆ', 'LleguÃ© al canal por se me subiÃ³ el muerto @Ivanmendozacomediante  @alexquirozstandup6243 @solinstandup invitalos comandante por favor']"
34,eWFxXJf5D_M,"['WELCOME TO YOUTUBE', 'Cr7ronaldoğŸ', 'Cr7ronaldoğŸ', 'I have been following you for a long time. I hope to meet you in Vietnam one day. I will always be your fanâ¤â¤â¤â¤â¤â¤ğŸ‰ğŸ‰ğŸ˜‚ğŸ˜‚ğŸ‰ğŸ˜ŠğŸ˜ŠğŸ˜Š', 'ğŸ˜‚ğŸ‰â¤', ""â¤â¤â¤â¤â¤â¤â¤â¤â¤â¤â¤â¤â¤â¤â¤for all playersâ¤â¤â¤\nI also love them toooâ¤â¤â¤â¤â¤\nI'm big fan of all playersâ¤â¤â¤â¤"", 'The you hacer ?? 60 ml subscribe', 'Omgggggggggg 0:24', '9/10', 'You are a legend ğŸ‰â¤', 'Goat', 'For the\nhe goat edits Like and Subscribe here ,', 'Welcome t\n To the YouTube', 'Ronaldo why she died for race', 'Ù…ÙŠÙ† ÙÙŠ Ø¹Ø±Ø¨ÙŠ Ù‡Ø§Ù† ğŸ˜‚ğŸ˜‚', 'â¤â¤â¤â¤â¤', '!siuuuuuuuuuuuuu  Cristiano The best footboler', 'CR7 best footballer in the world', 'Youisgoat', ""Hi, Mr. GOAT, I'm Your Big Fan.\n\nAnd Sorry To Say You But, I Like Your WIFE ğŸ’– in a Good Manner And Wanna Meet Both of You Once In My Life.""]"
35,QdtDGyc3818,"[""sadly for junior he is not going to be ronaldo's heir... I amğŸ¥¶âš½"", 'Messi >>>', 'Ronaldo please come in nepal pokhara 13 patanbesi I am your big fan please come in nepal Ronaldo', 'I have been following you for a long time. I hope to meet you in Vietnam one day. I will always be your fanâ¤â¤â¤â¤â¤â¤', 'Hello Ronaldo my idol go and go and I believe one you beat the Mr beast', 'ğŸâš½ï¸', 'Clark Jose Rodriguez Christopher Hall Jeffrey', 'Hi Ronaldo', 'Ú•Û†Ù†Ø§ÚµØ¯Û† Ø¨Ù€Û†Ú†ÛŒ Ù†Û•Ù‡Ø§ØªÛŒ Ø¨Ù€Û† Ø¹Ù€ÛÚ•Ø§Ù‚ğŸ™‚ğŸ¤..!?', 'â¤â¤â¤â¤â¤â¤â¤â¤â¤â¤â¤â¤â¤â¤â¤', 'usssssss', ""â¤â¤â¤â¤â¤â¤â¤â¤â¤â¤â¤â¤â¤â¤â¤for all playersâ¤â¤â¤\nI also love them toooâ¤â¤â¤â¤â¤\nI'm big fan of all playersâ¤â¤â¤â¤"", 'Suiiiii ğŸğŸ¤', 'Garcia Helen Lee Helen Hernandez Ruth', 'Suuuuuuuuuuuiuuuuuuuuuu', 'Lopez Sandra Harris David Brown Richard', 'Williams Elizabeth Robinson Cynthia Wilson Ronald', 'Siuuuuuu...', 'ğŸğŸğŸ', 'Suiiiiiiiiiii â¤â¤â¤']"
36,DhFZd3dlOQI,"['concordo', 'ğŸ˜‚ğŸ˜‚ğŸ˜‚ğŸ˜‚ğŸ˜‚ you are not deserved Goat ğŸ ğŸ˜‚ğŸ˜‚ğŸ˜‚', 'The goat cristianoğŸ', 'I have been following you for a long time. I hope to meet you in Vietnam one day. I will always be your fanâ¤â¤â¤â¤ğŸ‰ğŸ‰ğŸ‰ğŸ‰â¤â¤â¤', 'ğŸ‰', 'â¤ğŸ', 'â¤â¤', ""â¤â¤â¤â¤â¤â¤â¤â¤â¤â¤â¤â¤â¤â¤â¤for all playersâ¤â¤â¤\nI also love them toooâ¤â¤â¤â¤â¤\nI'm big fan of all playersâ¤â¤â¤â¤"", 'Suiiiii ğŸğŸ¤', 'Siu', 'Eu Sou O Mioâš½ğŸ¥…', 'Love from Bangladesh ğŸ‡§ğŸ‡©â¤ï¸ğŸ‡µğŸ‡¹âš½ğŸ CR7 Fan ğŸ™‹ğŸ‡§ğŸ‡©ğŸ‘‘âš½', 'NÃºmero 1', 'te amo casi tanto como a mi mujer', 'Esse Sim e um homem â¤', 'Isso aÃ­ mano', 'E o Cristiano Ronaldo, simplesmente nao tem como ğŸ™ŒğŸ˜®', 'I love Ronaldo â¤', 'ğŸğŸğŸğŸğŸğŸğŸğŸğŸğŸğŸğŸğŸğŸğŸğŸğŸğŸğŸğŸğŸğŸğŸğŸğŸğŸğŸğŸğŸğŸğŸğŸğŸğŸğŸğŸğŸğŸğŸğŸğŸğŸğŸğŸğŸğŸğŸğŸğŸ', 'Ğ¬']"
37,jeDKsg8r3ew,"['Ù…Ù† Ø·Ø±Ù Ø¶ÙŠØ§Ø¡', 'Suiiiiiiiiiibscribe to ur cristiano', 'ğŸ˜‚ğŸ˜‚ğŸ˜‚ğŸ˜‚ğŸ˜‚', 'Dom ğŸ˜¢ğŸ˜¢ crazyyyyyğŸ˜¢ğŸ˜¢ğŸ˜¢', 'Messi GOAT', 'Ù„Ù„Ùƒ Ø³Ø¨ÙŠØ¯  Ø²Ø±Ø¨Ø§Ø¨ Ø¨Ø³ Ø§Ø³ÙƒØª Ø§Ø³ÙƒØª Ø§Ø³ÙƒØª ÙŠÙˆ Ø¨Ù†Ø¹Ø§Ù„ğŸ˜…ğŸ˜…ğŸ˜‚ğŸ˜…ğŸ˜‚ğŸ˜…ğŸ˜‚ğŸ˜…ğŸ˜‚ğŸ˜…ğŸ˜‚ğŸ˜…ğŸ˜‚', 'Ø±ÙˆÙ†Ø§Ù„Ø¯Ùˆ Ø²Ø±Ø¨Ø§Ø¨ğŸ˜…ğŸ˜‚', 'Ø±ÙˆÙ†Ø§Ù„Ø¯Ùˆ Ø²Ø±Ø¨Ø§Ø¨ğŸ˜…', 'Ù„Ùƒ Ø§Ø¨Ùˆ ÙÙ„Ø© ØªØ§Ø¬ Ø±Ø§Ø³Ùƒ Ù„Ø§ØªÙ†Ø³Ù‰ Ø±ÙˆÙ†Ø§Ù„Ø¯Ùˆ Ø§Ù† ØªØ¯Ø¹Ù…Ù†ÙŠ Ù„Ø§ ØªÙ†Ø³ Ø·Ø­Ø· Ù„Ø§ÙŠÙƒ Ø§Ø´ØªØ±Ø§Ùƒ Ø¨Ù‚Ù†Ø§Øª Ø§Ø¨Ùˆ ÙÙ„Ø© ØªØ§Ø¬ Ø±Ø§Ø³ÙƒğŸ˜…', 'ÙˆÙ„Ù„Ùƒ Ø§Ù„Ùˆ Ø§Ø¨Ùˆâ¤', 'Ø§Ø§Ø¨Ùˆ ÙÙ„Ø© ØªØ§Ø¬ Ø±Ø§Ø³ÙƒğŸ˜…', 'Ø§Ø¨Ùˆ ÙÙ„Ø© ØªØ§Ø¬ Ø±Ø§Ø³Ùƒâ¤', 'Ø¹Ø±Ø¨', 'Your the best of all time â¤â¤â¤â¤â¤â¤â¤â¤â¤â¤â¤â¤â¤â¤â¤â¤â¤â¤â¤â¤â¤â¤â¤â¤', 'My wish is when i meet you mr ronaldo iam the fun of you and     â¤â¤â¤â¤â¤â¤â¤', 'Ø³ÙŠÙŠÙŠ', 'White Lisa Williams Kimberly Clark Brian', ""J'Ã©tais prÃ©sent sur cette chaÃ®ne le 19 Septembre 2024, bien avant que la chaÃ®ne Youtube n'atteigne les centaines de millions d'abonnÃ©s. Merci Cristiano Ronaldo de nous avoir tant fait plaisir, la joie que tu nous as apportÃ© Ã  l'intÃ©rieur et Ã  l'extÃ©rieur du terrain de foot ğŸ˜Š"", 'Dear CR7 aka,THE GOAT\n\nRonaldo you are my goat even when i was a kid you inspired me and motivated me to play the game. You made me confidence and made me good at futbal i want you to see this because your my favorite futbal player thank you CR7.â¤â¤â¤\n,SUIIIIIIğŸğŸğŸ', 'You are my Hero since 2004.ğŸ’›ğŸ’›\nYour skillğŸ’›your achievementsğŸ’›,your kind heartğŸ’›,your attitude ğŸ’›ğŸ’›']"
